<?xml version="1.0" encoding="UTF-8"?>
<LightningMessageChannel xmlns="http://soap.sforce.com/2006/04/metadata">
    <masterLabel>SampleMessageChannel</masterLabel>
    <isExposed>true</isExposed>
    <description>This is a sample Lightning Message Channel for AVIS.</description>
    <lightningMessageFields>
        <fieldName>type</fieldName> <!-- payload -->
        <description>This is a sample message</description>
    </lightningMessageFields>
    <lightningMessageFields>
        <fieldName>ac</fieldName> <!-- payload -->
        <description>This is a sample message</description>
    </lightningMessageFields>
    <lightningMessageFields>
        <fieldName>startend</fieldName> <!-- payload -->
        <description>This is a sample message</description>
    </lightningMessageFields>
    <lightningMessageFields>
        <fieldName>enddate</fieldName> <!-- payload -->
        <description>This is a sample message</description>
    </lightningMessageFields>
</LightningMessageChannel>